{
    "value0": {
        "x": -2.349998950958252,
        "y": 1.1912801265716553,
        "z": 3.349997043609619
    }
}