{
    "value0": {
        "x": -6.250005722045898,
        "y": 1.504666805267334,
        "z": -15.950043678283692
    }
}