{
    "value0": {
        "x": -2.8499975204467775,
        "y": 1.770209550857544,
        "z": 4.649998664855957
    }
}