{
    "value0": {
        "x": -3.199998140335083,
        "y": 1.7977018356323243,
        "z": 4.149996757507324
    }
}